Parameter,R2_CV_mean,R2_CV_std,RMSE_CV_mean,RMSE_CV_std
Total Alkalinity,0.6504756112137067,0.06227870571452015,42.56163014608306,5.291964775541473
Electrical Conductance,0.6243808344463566,0.0868583473430606,198.69610632295016,47.093625790633965
Dissolved Reactive Phosphorus,0.28680904518625006,0.24907472744368286,41.14413523135066,3.202826642432843
