Parameter,R2_CV_mean,R2_CV_std,RMSE_CV_mean,RMSE_CV_std
Total Alkalinity,0.6043262065614738,0.13416420480258334,42.035885607474604,13.599282155380294
Electrical Conductance,0.6027605430061846,0.111186908265707,198.39426943521295,55.53467732006077
Dissolved Reactive Phosphorus,-2.713945843021821,5.981008743139036,54.8991665872418,26.606636473939318
