Parameter,R2_CV_mean,R2_CV_std,RMSE_CV_mean,RMSE_CV_std,MAE_CV_mean,MAE_CV_std,MedAE_CV_mean,MedAE_CV_std,Spearman_CV_mean,Spearman_CV_std
Total Alkalinity,0.8230197135842765,0.04889777877029507,30.421661523187787,2.298862952578074,20.36820503558813,1.7063149033922054,13.321679197833522,1.3337797371245714,0.9053566650831083,0.024145298195535715
Electrical Conductance,0.8089812317525018,0.024986366334321667,142.8539129992585,21.979214109913705,87.54917429104702,15.443054911724394,48.29911772859107,6.112414286758359,0.9194507508334627,0.019194747640066623
Dissolved Reactive Phosphorus,0.6700669051755448,0.11343761437900252,27.09018175451998,2.742450812724966,,,,,,
